# grid=65x65x65, np=2 (2,1,1), dt= 9.766E-04, Tmax=2, solver_kind=filtered_v2
rank,t_step,event,time_sec
0,1,rhs, 1.749000000E-05
0,1,solve_z, 6.170200000E-05
0,1,solve_y, 5.963100000E-05
0,1,solve_x, 1.536550000E-04
0,1,etc, 1.745000000E-06
0,1,comm, 4.306200000E-05
1,1,rhs, 2.031000000E-05
1,1,solve_z, 7.175100000E-05
1,1,solve_y, 7.043300000E-05
1,1,solve_x, 1.531020000E-04
1,1,etc, 1.824000000E-06
1,1,comm, 4.370900000E-05
