# grid=65x65x65, np=1 (1,1,1), dt= 9.766E-04, Tmax=2, solver_kind=filtered
rank,t_step,event,time_sec
0,1,rhs, 2.436600000E-05
0,1,solve_z, 1.058290000E-04
0,1,solve_y, 1.061910000E-04
0,1,solve_x, 1.020200000E-04
0,1,etc, 1.508000000E-06
0,1,comm, 2.191000000E-06
