# grid=65x65x65, np=1 (1,1,1), dt= 9.766E-04, Tmax=2, solver_kind=pascal
rank,t_step,event,time_sec
0,1,rhs, 5.126180000E-04
0,1,solve_z, 3.845440000E-04
0,1,solve_y, 1.469930000E-04
0,1,solve_x, 1.359020000E-04
0,1,etc, 9.160000000E-07
0,1,comm, 2.664000000E-06
0,2,rhs, 2.659800000E-05
0,2,solve_z, 1.042360000E-04
0,2,solve_y, 1.078830000E-04
0,2,solve_x, 1.057650000E-04
0,2,etc, 7.260000000E-07
0,2,comm, 1.234000000E-06
