# grid=65x65x65, np=2 (2,1,1), dt= 9.766E-04, Tmax=2, solver_kind=filtered
rank,t_step,event,time_sec
0,1,rhs, 1.764500000E-05
0,1,solve_z, 6.364900000E-05
0,1,solve_y, 6.068600000E-05
0,1,solve_x, 1.646980000E-04
0,1,etc, 1.956000000E-06
0,1,comm, 5.003200000E-05
1,1,rhs, 1.800000000E-05
1,1,solve_z, 6.524400000E-05
1,1,solve_y, 6.096200000E-05
1,1,solve_x, 1.640690000E-04
1,1,etc, 1.950000000E-06
1,1,comm, 5.008400000E-05
