# grid=65x65x65, np=1 (1,1,1), dt= 9.766E-04, Tmax=2, solver_kind=filtered
rank,t_step,event,time_sec
0,1,rhs, 1.180785000E-03
0,1,solve_z, 5.958860000E-04
0,1,solve_y, 1.479570000E-04
0,1,solve_x, 1.465720000E-04
0,1,etc, 9.740000000E-07
0,1,comm, 1.133500000E-05
0,2,rhs, 2.719000000E-05
0,2,solve_z, 1.129090000E-04
0,2,solve_y, 1.121530000E-04
0,2,solve_x, 1.121270000E-04
0,2,etc, 7.720000000E-07
0,2,comm, 1.316000000E-06
