# grid=65x65x65, np=1 (1,1,1), dt= 9.766E-04, Tmax=2, solver_kind=filtered_v2
rank,t_step,event,time_sec
0,1,rhs, 2.352900000E-05
0,1,solve_z, 1.049150000E-04
0,1,solve_y, 1.028940000E-04
0,1,solve_x, 1.017900000E-04
0,1,etc, 1.440000000E-06
0,1,comm, 1.880000000E-06
