# grid=65x65x65, np=1 (1,1,1), dt= 9.766E-04, Tmax=2, solver_kind=filtered_v2
rank,t_step,event,time_sec
0,1,rhs, 2.359700000E-05
0,1,solve_z, 1.053010000E-04
0,1,solve_y, 1.039290000E-04
0,1,solve_x, 1.026820000E-04
0,1,etc, 1.422000000E-06
0,1,comm, 2.074000000E-06
