# grid=65x65x65, np=2 (2,1,1), dt= 9.766E-04, Tmax=2, solver_kind=pascal
rank,t_step,event,time_sec
0,1,rhs, 1.911000000E-05
0,1,solve_z, 6.244200000E-05
0,1,solve_y, 6.097900000E-05
0,1,solve_x, 2.796610000E-04
0,1,etc, 1.852000000E-06
0,1,comm, 5.322700000E-05
1,1,rhs, 2.058700000E-05
1,1,solve_z, 7.288400000E-05
1,1,solve_y, 7.094600000E-05
1,1,solve_x, 2.800140000E-04
1,1,etc, 1.889000000E-06
1,1,comm, 5.330200000E-05
