# grid=65x65x65, np=2 (2,1,1), dt= 9.766E-04, Tmax=2, solver_kind=filtered_v2
rank,t_step,event,time_sec
0,1,rhs, 1.778800000E-05
0,1,solve_z, 6.247300000E-05
0,1,solve_y, 6.097200000E-05
0,1,solve_x, 1.583360000E-04
0,1,etc, 2.058000000E-06
0,1,comm, 4.773300000E-05
1,1,rhs, 2.045300000E-05
1,1,solve_z, 7.274800000E-05
1,1,solve_y, 7.105000000E-05
1,1,solve_x, 1.588710000E-04
1,1,etc, 2.064000000E-06
1,1,comm, 4.877300000E-05
