# grid=65x65x65, np=2 (2,1,1), dt= 9.766E-04, Tmax=2, solver_kind=filtered
rank,t_step,event,time_sec
0,1,rhs, 1.811800000E-05
0,1,solve_z, 6.219900000E-05
0,1,solve_y, 6.500800000E-05
0,1,solve_x, 1.505720000E-04
0,1,etc, 1.801000000E-06
0,1,comm, 4.181600000E-05
1,1,rhs, 1.765000000E-05
1,1,solve_z, 6.159100000E-05
1,1,solve_y, 6.517500000E-05
1,1,solve_x, 1.475120000E-04
1,1,etc, 1.778000000E-06
1,1,comm, 4.134400000E-05
