# grid=65x65x65, np=2 (2,1,1), dt= 9.766E-04, Tmax=2, solver_kind=pascal
rank,t_step,event,time_sec
0,1,rhs, 2.003500000E-05
0,1,solve_z, 6.510900000E-05
0,1,solve_y, 6.332100000E-05
0,1,solve_x, 3.359370000E-04
0,1,etc, 2.038000000E-06
0,1,comm, 6.736100000E-05
1,1,rhs, 2.216300000E-05
1,1,solve_z, 7.476700000E-05
1,1,solve_y, 7.258300000E-05
1,1,solve_x, 3.370400000E-04
1,1,etc, 2.021000000E-06
1,1,comm, 6.705900000E-05
