# grid=65x65x65, np=1 (1,1,1), dt= 9.766E-04, Tmax=2, solver_kind=pascal
rank,t_step,event,time_sec
0,1,rhs, 2.742300000E-05
0,1,solve_z, 1.163660000E-04
0,1,solve_y, 1.165780000E-04
0,1,solve_x, 1.117850000E-04
0,1,etc, 1.507000000E-06
0,1,comm, 1.907000000E-06
